Time each stage,Exp code,time (hr),Gravel transport (g),Sand transport (g),Gravel Feed (g),Sand Feed (g),gravel rate(g/ms),gravel feed g/ms,sand out rate(g/ms),sand feed g/ms,gravel storage (feed-transport),san storage (feed-transport),cum gravelstorage,cum sandstorage,gravelfeedcum ,sand feed cum,,Cum Gravel transport ,Cum sand transport,feedgravel/feedsand,ratio gravel/sand 
1,A1,1,0.00,0.00,19500.00,0.00,0,10.83,0,0.00,19500.00,0.00,19500.00,0.00,,0.00,,0.00,0.00,,
2,,2,0.00,0.00,19500.00,0.00,0,10.83,0,0.00,19500.00,0.00,39000.00,0.00,,0.00,,0.00,0.00,,
3,,3,0.00,0.00,19500.00,0.00,0,10.83,0,0.00,19500.00,0.00,58500.00,0.00,,0.00,,0.00,0.00,,
4,,4,0.00,0.00,19500.00,0.00,0,10.83,0,0.00,19500.00,0.00,78000.00,0.00,,0.00,,0.00,0.00,,
5,,5,0.00,0.00,19500.00,0.00,0,10.83,0,0.00,19500.00,0.00,97500.00,0.00,,0.00,,0.00,0.00,,
6,,6,0.00,0.00,19500.00,0.00,0,10.83,0,0.00,19500.00,0.00,117000.00,0.00,,0.00,,0.00,0.00,,
7,,7,0.00,0.00,19500.00,0.00,0,10.83,0,0.00,19500.00,0.00,136500.00,0.00,,0.00,,0.00,0.00,,
8,,8,0.00,0.00,19500.00,0.00,0,10.83,0,0.00,19500.00,0.00,156000.00,0.00,,0.00,,0.00,0.00,,
9,,9,0.00,0.00,19500.00,0.00,0,10.83,0,0.00,19500.00,0.00,175500.00,0.00,,0.00,,0.00,0.00,,
10,,10,0.00,0.00,19500.00,0.00,0,10.83,0,0.00,19500.00,0.00,195000.00,0.00,,0.00,,0.00,0.00,,
11,,11,0.00,0.00,19500.00,0.00,0,10.83,0,0.00,19500.00,0.00,214500.00,0.00,,0.00,,0.00,0.00,,
12,,12,0.00,0.00,19500.00,0.00,0,10.83,0,0.00,19500.00,0.00,234000.00,0.00,,0.00,,0.00,0.00,,
13,,13,0.00,0.00,19500.00,0.00,0,10.83,0,0.00,19500.00,0.00,253500.00,0.00,,0.00,,0.00,0.00,,
14,,14,0.00,0.00,19500.00,0.00,0,10.83,0,0.00,19500.00,0.00,273000.00,0.00,,0.00,,0.00,0.00,,
15,,15,0.00,0.00,19500.00,0.00,0,10.83,0,0.00,19500.00,0.00,292500.00,0.00,,0.00,,0.00,0.00,,
16,,16,0.00,0.00,19500.00,0.00,0,10.83,0,0.00,19500.00,0.00,312000.00,0.00,,0.00,,0.00,0.00,,
17,,17,0.00,0.00,19500.00,0.00,0,10.83,0,0.00,19500.00,0.00,331500.00,0.00,,0.00,,0.00,0.00,,
18,,18,0.00,0.00,19500.00,0.00,0,10.83,0,0.00,19500.00,0.00,351000.00,0.00,,0.00,,0.00,0.00,,
19,,19,9750.00,0.00,19500.00,0.00,5.416666667,10.83,0,0.00,9750.00,0.00,360750.00,0.00,0.50,0.00,,9750.00,0.00,,
20,,20,13500.00,0.00,19500.00,0.00,7.5,10.83,0,0.00,6000.00,0.00,366750.00,0.00,0.69,0.00,,23250.00,0.00,,
21,,21,22570.00,0.00,19500.00,0.00,12.53888889,10.83,0,0.00,-3070.00,0.00,363680.00,0.00,1.16,0.00,,45820.00,0.00,,
22,,22,38500.00,0.00,19500.00,0.00,21.38888889,10.83,0,0.00,-19000.00,0.00,344680.00,0.00,1.97,0.00,,84320.00,0.00,,
23,,23,21500.00,0.00,19500.00,0.00,11.94444444,10.83,0,0.00,-2000.00,0.00,342680.00,0.00,1.10,0.00,,105820.00,0.00,,
24,,24,16000.00,0.00,19500.00,0.00,8.888888889,10.83,0,0.00,3500.00,0.00,346180.00,0.00,0.82,0.00,,121820.00,0.00,,
25,,25,18000.00,0.00,19500.00,0.00,10,10.83,0,0.00,1500.00,0.00,347680.00,0.00,0.92,0.00,,139820.00,0.00,,
1,A2,25.25,2583.20,1.00,4631.25,243.75,5.740444444,10.29,0.002222222,0.54,2048.05,242.75,349728.05,242.75,0.56,1.00,,142403.20,1.00,0.05,2583.2
2,A2,25.5,1372.60,1.00,4631.25,243.75,3.050222222,10.29,0.002222222,0.54,3258.65,242.75,352986.70,485.50,0.30,2.00,,143775.80,2.00,0.05,1372.6
3,A2,25.75,3013.00,1.00,4631.25,243.75,6.695555556,10.29,0.002222222,0.54,1618.25,242.75,354604.95,728.25,0.65,3.00,,146788.80,3.00,0.05,3013
4,A2,26,6618.70,1.00,4631.25,243.75,14.70822222,10.29,0.002222222,0.54,-1987.45,242.75,352617.50,971.00,1.43,4.00,,153407.50,4.00,0.05,6618.7
5,A2,26.25,10971.00,1.00,4631.25,243.75,24.38,10.29,0.002222222,0.54,-6339.75,242.75,346277.75,1213.75,2.37,5.00,,164378.50,5.00,0.05,10971
6,A2,26.5,5372.10,1.00,4631.25,243.75,11.938,10.29,0.002222222,0.54,-740.85,242.75,345536.90,1456.50,1.16,,,169750.60,6.00,0.05,5372.1
7,A2,26.75,4277.00,1.00,4631.25,243.75,9.504444444,10.29,0.002222222,0.54,354.25,242.75,345891.15,1699.25,0.92,,,174027.60,7.00,0.05,4277
8,A2,27,2958.10,1.00,4631.25,243.75,6.573555556,10.29,0.002222222,0.54,1673.15,242.75,347564.30,1942.00,0.64,,,176985.70,8.00,0.05,2958.1
9,A2,27.25,4616.40,1.00,4631.25,243.75,10.25866667,10.29,0.002222222,0.54,14.85,242.75,347579.15,2184.75,1.00,,,181602.10,9.00,0.05,4616.4
10,A2,27.5,2633.90,1.00,4631.25,243.75,5.853111111,10.29,0.002222222,0.54,1997.35,242.75,349576.50,2427.50,0.57,,,184236.00,10.00,0.05,2633.9
11,A2,27.75,5660.00,1.45,4631.25,243.75,12.57777778,10.29,0.003222222,0.54,-1028.75,242.30,348547.75,2669.80,1.22,,,189896.00,11.45,0.05,3903.448276
12,A2,28,4051.00,1.00,4631.25,243.75,9.002222222,10.29,0.002222222,0.54,580.25,242.75,349128.00,2912.55,0.87,,,193947.00,12.45,0.05,4051
13,A2,28.25,8503.00,2.73,4631.25,243.75,18.89555556,10.29,0.006066667,0.54,-3871.75,241.02,345256.25,3153.57,1.84,,,202450.00,15.18,0.05,3114.652015
14,A2,28.5,6695.00,2.60,4631.25,243.75,14.87777778,10.29,0.005777778,0.54,-2063.75,241.15,343192.50,3394.72,1.45,,,209145.00,17.78,0.05,2575
15,A2,28.75,9066.00,3.13,4631.25,243.75,20.14666667,10.29,0.006955556,0.54,-4434.75,240.62,338757.75,3635.34,1.96,,,218211.00,20.91,0.05,2896.485623
16,A2,29,5004.00,1.47,4631.25,243.75,11.12,10.29,0.003266667,0.54,-372.75,242.28,338385.00,3877.62,1.08,,,223215.00,22.38,0.05,3404.081633
17,A2,29.25,5353.00,1.39,4631.25,243.75,11.89555556,10.29,0.003088889,0.54,-721.75,242.36,337663.25,4119.98,1.16,,,228568.00,23.77,0.05,3851.079137
18,A2,29.5,3269.00,1.62,4631.25,243.75,7.264444444,10.29,0.0036,0.54,1362.25,242.13,339025.50,4362.11,0.71,,,231837.00,25.39,0.05,2017.901235
19,A2,29.75,4166.00,1.13,4631.25,243.75,9.257777778,10.29,0.002511111,0.54,465.25,242.62,339490.75,4604.73,0.90,,,236003.00,26.52,0.05,3686.725664
20,A2,30,7631.00,1.45,4631.25,243.75,16.95777778,10.29,0.003222222,0.54,-2999.75,242.30,336491.00,4847.03,1.65,,,243634.00,27.97,0.05,5262.758621
21,A2,30.25,8152.00,15.08,4631.25,243.75,18.11555556,10.29,0.033511111,0.54,-3520.75,228.67,332970.25,5075.70,1.76,,,251786.00,43.05,0.05,540.5835544
22,A2,30.5,4746.00,116.15,4631.25,243.75,10.54666667,10.29,0.258111111,0.54,-114.75,127.60,332855.50,5203.30,1.02,,,256532.00,159.20,0.05,40.86095566
23,A2,30.75,1576.00,17.52,4631.25,243.75,3.502222222,10.29,0.038933333,0.54,3055.25,226.23,335910.75,5429.53,0.34,,,258108.00,176.72,0.05,89.9543379
24,A2,31,1743.00,7.14,4631.25,243.75,3.873333333,10.29,0.015866667,0.54,2888.25,236.61,338799.00,5666.14,0.38,,,259851.00,183.86,0.05,244.1176471
25,A2,31.25,1358.00,8.00,4631.25,243.75,3.017777778,10.29,0.017777778,0.54,3273.25,235.75,342072.25,5901.89,0.29,,,261209.00,191.86,0.05,169.75
26,A2,31.5,749.00,12.80,4631.25,243.75,1.664444444,10.29,0.028444444,0.54,3882.25,230.95,345954.50,6132.84,0.16,,,261958.00,204.66,0.05,58.515625
27,A2,31.75,1347.00,9.91,4631.25,243.75,2.993333333,10.29,0.022022222,0.54,3284.25,233.84,349238.75,6366.68,0.29,,,263305.00,214.57,0.05,135.9233098
28,A2,32,1477.00,3.19,4631.25,243.75,3.282222222,10.29,0.007088889,0.54,3154.25,240.56,352393.00,6607.24,0.32,,,264782.00,217.76,0.05,463.0094044
29,A2,32.25,1488.00,2.00,4631.25,243.75,3.306666667,10.29,0.004444444,0.54,3143.25,241.75,355536.25,6848.99,0.32,,,266270.00,219.76,0.05,744
30,A2,32.5,2930.00,2.27,4631.25,243.75,6.511111111,10.29,0.005044444,0.54,1701.25,241.48,357237.50,7090.47,0.63,,,269200.00,222.03,0.05,1290.748899
31,A2,32.75,2926.00,2.34,4631.25,243.75,6.502222222,10.29,0.0052,0.54,1705.25,241.41,358942.75,7331.88,0.63,,,272126.00,224.37,0.05,1250.42735
32,A2,33,3197.00,2.91,4631.25,243.75,7.104444444,10.29,0.006466667,0.54,1434.25,240.84,360377.00,7572.72,0.69,,,275323.00,227.28,0.05,1098.62543
33,A2,33.25,1576.00,2.91,4631.25,243.75,3.502222222,10.29,0.006466667,0.54,3055.25,240.84,363432.25,7813.56,0.34,,,276899.00,230.19,0.05,541.580756
34,A2,33.5,525.00,2.05,4631.25,243.75,1.166666667,10.29,0.004555556,0.54,4106.25,241.70,367538.50,8055.26,0.11,,,277424.00,232.24,0.05,256.097561
35,A2,33.75,274.00,1.32,4631.25,243.75,0.608888889,10.29,0.002933333,0.54,4357.25,242.43,371895.75,8297.69,0.06,,,277698.00,233.56,0.05,207.5757576
36,A2,34,184.00,0.96,4631.25,243.75,0.408888889,10.29,0.002133333,0.54,4447.25,242.79,376343.00,8540.48,0.04,,,277882.00,234.52,0.05,191.6666667
37,A2,34.25,2191.00,1.83,4631.25,243.75,4.868888889,10.29,0.004066667,0.54,2440.25,241.92,378783.25,8782.40,0.47,,,280073.00,236.35,0.05,1197.26776
38,A2,34.5,11529.00,3.85,4631.25,243.75,25.62,10.29,0.008555556,0.54,-6897.75,239.90,371885.50,9022.30,2.49,,,291602.00,240.20,0.05,2994.545455
39,A2,34.75,10318.00,2.22,4631.25,243.75,22.92888889,10.29,0.004933333,0.54,-5686.75,241.53,366198.75,9263.83,2.23,,,301920.00,242.42,0.05,4647.747748
40,A2,35,14283.00,2.80,4631.25,243.75,31.74,10.29,0.006222222,0.54,-9651.75,240.95,356547.00,9504.78,3.08,,,316203.00,245.22,0.05,5101.071429
41,A2,35.25,7166.00,24.54,4631.25,243.75,15.92444444,10.29,0.054533333,0.54,-2534.75,219.21,354012.25,9723.99,1.55,,,323369.00,269.76,0.05,292.0130399
42,A2,35.5,11518.00,11.24,4631.25,243.75,25.59555556,10.29,0.024977778,0.54,-6886.75,232.51,347125.50,9956.50,2.49,,,334887.00,281.00,0.05,1024.733096
43,A2,35.75,10867.00,8.68,4631.25,243.75,24.14888889,10.29,0.019288889,0.54,-6235.75,235.07,340889.75,10191.57,2.35,,,345754.00,289.68,0.05,1251.958525
44,A2,36,14012.00,1628.59,4631.25,243.75,31.13777778,10.29,3.619088889,0.54,-9380.75,-1384.84,331509.00,8806.73,3.03,,,359766.00,1918.27,0.05,8.603761536
45,A2,36.25,6860.00,151.78,4631.25,243.75,15.24444444,10.29,0.337288889,0.54,-2228.75,91.97,329280.25,8898.70,1.48,,,366626.00,2070.05,0.05,45.19699565
46,A2,36.5,4781.00,36.65,4631.25,243.75,10.62444444,10.29,0.081444444,0.54,-149.75,207.10,329130.50,9105.80,1.03,,,371407.00,2106.70,0.05,130.4502046
47,A2,36.75,7488.00,427.20,4631.25,243.75,16.64,10.29,0.949333333,0.54,-2856.75,-183.45,326273.75,8922.35,1.62,,,378895.00,2533.90,0.05,17.52808989
48,A2,37,8576.00,662.62,4631.25,243.75,19.05777778,10.29,1.472488889,0.54,-3944.75,-418.87,322329.00,8503.48,1.85,,,387471.00,3196.52,0.05,12.94256135
49,A2,37.25,6905.00,1200.92,4631.25,243.75,15.34444444,10.29,2.668711111,0.54,-2273.75,-957.17,320055.25,7546.31,1.49,,,394376.00,4397.44,0.05,5.749758518
50,A2,37.5,837.00,35.58,4631.25,243.75,1.86,10.29,0.079066667,0.54,3794.25,208.17,323849.50,7754.48,0.18,,,395213.00,4433.02,0.05,23.52445194
51,A2,37.75,1421.00,32.37,4631.25,243.75,3.157777778,10.29,0.071933333,0.54,3210.25,211.38,327059.75,7965.86,0.31,,,396634.00,4465.39,0.05,43.89867161
52,A2,38,807.00,27.09,4631.25,243.75,1.793333333,10.29,0.0602,0.54,3824.25,216.66,330884.00,8182.52,0.17,,,397441.00,4492.48,0.05,29.78959025
53,A3,38.25,1493.00,39.81,4387.50,487.50,3.317777778,9.75,0.088466667,1.08,2894.50,447.69,333778.50,8630.21,0.34,,,398934.00,4532.29,0.11,37.50313991
54,A3,38.5,1147.00,24.95,4387.50,487.50,2.548888889,9.75,0.055444444,1.08,3240.50,462.55,337019.00,9092.76,0.26,,,400081.00,4557.24,0.11,45.97194389
55,A3,38.75,1767.00,28.02,4387.50,487.50,3.926666667,9.75,0.062266667,1.08,2620.50,459.48,339639.50,9552.24,0.40,,,401848.00,4585.26,0.11,63.0620985
56,A3,39,1988.00,24.03,4387.50,487.50,4.417777778,9.75,0.0534,1.08,2399.50,463.47,342039.00,10015.71,0.45,,,403836.00,4609.29,0.11,82.72992093
57,A3,39.25,3469.00,187.95,4387.50,487.50,7.708888889,9.75,0.417666667,1.08,918.50,299.55,342957.50,10315.26,0.79,,,407305.00,4797.24,0.11,18.45703645
58,A3,39.5,3266.00,109.40,4387.50,487.50,7.257777778,9.75,0.243111111,1.08,1121.50,378.10,344079.00,10693.36,0.74,,,410571.00,4906.64,0.11,29.85374771
59,A3,39.75,793.00,33.70,4387.50,487.50,1.762222222,9.75,0.074888889,1.08,3594.50,453.80,347673.50,11147.16,0.18,,,411364.00,4940.34,0.11,23.53115727
60,A3,40,1756.00,59.79,4387.50,487.50,3.902222222,9.75,0.132866667,1.08,2631.50,427.71,350305.00,11574.87,0.40,,,413120.00,5000.13,0.11,29.36945978
61,A3,40.25,2355.00,52.03,4387.50,487.50,5.233333333,9.75,0.115622222,1.08,2032.50,435.47,352337.50,12010.34,0.54,,,415475.00,5052.16,0.11,45.26234865
62,A3,40.5,3258.00,27.65,4387.50,487.50,7.24,9.75,0.061444444,1.08,1129.50,459.85,353467.00,12470.19,0.74,,,418733.00,5079.81,0.11,117.8300181
63,A3,40.75,4395.00,14.18,4387.50,487.50,9.766666667,9.75,0.031511111,1.08,-7.50,473.32,353459.50,12943.51,1.00,,,423128.00,5093.99,0.11,309.9435825
64,A3,41,7701.00,50.34,4387.50,487.50,17.11333333,9.75,0.111866667,1.08,-3313.50,437.16,350146.00,13380.67,1.76,,,430829.00,5144.33,0.11,152.9797378
65,A3,41.25,9944.00,27.03,4387.50,487.50,22.09777778,9.75,0.060066667,1.08,-5556.50,460.47,344589.50,13841.14,2.27,,,440773.00,5171.36,0.11,367.8875324
66,A3,41.5,9294.00,183.42,4387.50,487.50,20.65333333,9.75,0.4076,1.08,-4906.50,304.08,339683.00,14145.22,2.12,,,450067.00,5354.78,0.11,50.67059208
67,A3,41.75,5712.00,439.31,4387.50,487.50,12.69333333,9.75,0.976244444,1.08,-1324.50,48.19,338358.50,14193.41,1.30,,,455779.00,5794.09,0.11,13.00220801
68,A3,42,3664.00,129.02,4387.50,487.50,8.142222222,9.75,0.286711111,1.08,723.50,358.48,339082.00,14551.89,0.84,,,459443.00,5923.11,0.11,28.39869788
69,A3,42.25,4602.00,47.71,4387.50,487.50,10.22666667,9.75,0.106022222,1.08,-214.50,439.79,338867.50,14991.68,1.05,,,464045.00,5970.82,0.11,96.45776567
70,A3,42.5,8295.00,210.42,4387.50,487.50,18.43333333,9.75,0.4676,1.08,-3907.50,277.08,334960.00,15268.76,1.89,,,472340.00,6181.24,0.11,39.42115768
71,A3,42.75,7765.00,822.32,4387.50,487.50,17.25555556,9.75,1.827377778,1.08,-3377.50,-334.82,331582.50,14933.94,1.77,,,480105.00,7003.56,0.11,9.442795992
72,A3,43,3293.00,268.74,4387.50,487.50,7.317777778,9.75,0.5972,1.08,1094.50,218.76,332677.00,15152.70,0.75,,,483398.00,7272.30,0.11,12.2534792
73,A3,43.25,3676.00,150.00,4387.50,487.50,8.168888889,9.75,0.333333333,1.08,711.50,337.50,333388.50,15490.20,0.84,,,487074.00,7422.30,0.11,24.50666667
74,A3,43.5,5487.00,367.54,4387.50,487.50,12.19333333,9.75,0.816755556,1.08,-1099.50,119.96,332289.00,15610.16,1.25,,,492561.00,7789.84,0.11,14.92898732
75,A3,43.75,8501.00,763.09,4387.50,487.50,18.89111111,9.75,1.695755556,1.08,-4113.50,-275.59,328175.50,15334.57,1.94,,,501062.00,8552.93,0.11,11.14023248
76,A3,44,7624.00,1055.79,4387.50,487.50,16.94222222,9.75,2.3462,1.08,-3236.50,-568.29,324939.00,14766.28,1.74,,,508686.00,9608.72,0.11,7.22113299
77,A3,44.25,3171.00,792.85,4387.50,487.50,7.046666667,9.75,1.761888889,1.08,1216.50,-305.35,326155.50,14460.93,0.72,,,511857.00,10401.57,0.11,3.999495491
78,A3,44.5,6137.00,235.25,4387.50,487.50,13.63777778,9.75,0.522777778,1.08,-1749.50,252.25,324406.00,14713.18,1.40,,,517994.00,10636.82,0.11,26.08714134
79,A3,44.75,4896.00,225.02,4387.50,487.50,10.88,9.75,0.500044444,1.08,-508.50,262.48,323897.50,14975.66,1.12,,,522890.00,10861.84,0.11,21.75806595
80,A3,45,8464.00,1814.97,4387.50,487.50,18.80888889,9.75,4.033266667,1.08,-4076.50,-1327.47,319821.00,13648.19,1.93,,,531354.00,12676.81,0.11,4.663437963
81,A4,45.25,3988.00,500.08,4143.75,731.25,8.862222222,9.21,1.111288889,1.63,155.75,231.17,319976.75,13879.36,0.96,,,535342.00,13176.89,0.18,7.974724044
82,A4,45.5,4682.00,411.89,4143.75,731.25,10.40444444,9.21,0.915311111,1.63,-538.25,319.36,319438.50,14198.72,1.13,,,540024.00,13588.78,0.18,11.36711258
83,A4,45.75,3726.00,667.49,4143.75,731.25,8.28,9.21,1.483311111,1.63,417.75,63.76,319856.25,14262.48,0.90,,,543750.00,14256.27,0.18,5.582106099
84,A4,46,2744.00,185.39,4143.75,731.25,6.097777778,9.21,0.411977778,1.63,1399.75,545.86,321256.00,14808.34,0.66,,,546494.00,14441.66,0.18,14.80122984
85,A4,46.25,7176.00,203.34,4143.75,731.25,15.94666667,9.21,0.451866667,1.63,-3032.25,527.91,318223.75,15336.25,1.73,,,553670.00,14645.00,0.18,35.29064621
86,A4,46.5,5296.00,857.78,4143.75,731.25,11.76888889,9.21,1.906177778,1.63,-1152.25,-126.53,317071.50,15209.72,1.28,,,558966.00,15502.78,0.18,6.174077269
87,A4,46.75,3273.00,306.87,4143.75,731.25,7.273333333,9.21,0.681933333,1.63,870.75,424.38,317942.25,15634.10,0.79,,,562239.00,15809.65,0.18,10.66575423
88,A4,47,4033.00,467.96,4143.75,731.25,8.962222222,9.21,1.039911111,1.63,110.75,263.29,318053.00,15897.39,0.97,,,566272.00,16277.61,0.18,8.618257971
89,A4,47.25,5260.00,382.73,4143.75,731.25,11.68888889,9.21,0.850511111,1.63,-1116.25,348.52,316936.75,16245.91,1.27,,,571532.00,16660.34,0.18,13.74337
90,A4,47.5,9318.00,1874.89,4143.75,731.25,20.70666667,9.21,4.166422222,1.63,-5174.25,-1143.64,311762.50,15102.27,2.25,,,580850.00,18535.23,0.18,4.969891567
91,A4,47.75,4964.00,872.82,4143.75,731.25,11.03111111,9.21,1.9396,1.63,-820.25,-141.57,310942.25,14960.70,1.20,,,585814.00,19408.05,0.18,5.68731239
92,A4,48,7972.00,1548.94,4143.75,731.25,17.71555556,9.21,3.442088889,1.63,-3828.25,-817.69,307114.00,14143.01,1.92,,,593786.00,20956.99,0.18,5.146745516
93,A4,48.25,3030.00,1460.70,4143.75,731.25,6.733333333,9.21,3.246,1.63,1113.75,-729.45,308227.75,13413.56,0.73,,,596816.00,22417.69,0.18,2.074347915
94,A4,48.5,2378.00,458.56,4143.75,731.25,5.284444444,9.21,1.019022222,1.63,1765.75,272.69,309993.50,13686.25,0.57,,,599194.00,22876.25,0.18,5.185799023
95,A4,48.75,4320.00,553.14,4143.75,731.25,9.6,9.21,1.2292,1.63,-176.25,178.11,309817.25,13864.36,1.04,,,603514.00,23429.39,0.18,7.809957696
96,A4,49,3621.00,506.90,4143.75,731.25,8.046666667,9.21,1.126444444,1.63,522.75,224.35,310340.00,14088.71,0.87,,,607135.00,23936.29,0.18,7.143420793
97,A5,49.25,2547.00,376.10,3900.00,975.00,5.66,8.67,0.835777778,2.17,1353.00,598.90,311693.00,14687.61,0.65,,,609682.00,24312.39,0.25,6.77213507
98,A5,49.5,1005.00,184.69,3900.00,975.00,2.233333333,8.67,0.410422222,2.17,2895.00,790.31,314588.00,15477.92,0.26,,,610687.00,24497.08,0.25,5.441550707
99,A5,49.75,2833.00,325.55,3900.00,975.00,6.295555556,8.67,0.723444444,2.17,1067.00,649.45,315655.00,16127.37,0.73,,,613520.00,24822.63,0.25,8.702196283
100,A5,50,3543.00,167.80,3900.00,975.00,7.873333333,8.67,0.372888889,2.17,357.00,807.20,316012.00,16934.57,0.91,,,617063.00,24990.43,0.25,21.11442193
101,A5,50.25,7784.00,1254.43,3900.00,975.00,17.29777778,8.67,2.787622222,2.17,-3884.00,-279.43,312128.00,16655.14,2.00,,,624847.00,26244.86,0.25,6.20520874
102,A5,50.5,2928.00,803.71,3900.00,975.00,6.506666667,8.67,1.786022222,2.17,972.00,171.29,313100.00,16826.43,0.75,,,627775.00,27048.57,0.25,3.6431051
103,A5,50.75,3547.00,1084.70,3900.00,975.00,7.882222222,8.67,2.410444444,2.17,353.00,-109.70,313453.00,16716.73,0.91,,,631322.00,28133.27,0.25,3.270028579
104,A5,51,2231.00,217.28,3900.00,975.00,4.957777778,8.67,0.482844444,2.17,1669.00,757.72,315122.00,17474.45,0.57,,,633553.00,28350.55,0.25,10.26785714
105,A5,51.25,2853.00,193.59,3900.00,975.00,6.34,8.67,0.4302,2.17,1047.00,781.41,316169.00,18255.86,0.73,,,636406.00,28544.14,0.25,14.73733147
106,A5,51.5,6040.00,928.68,3900.00,975.00,13.42222222,8.67,2.063733333,2.17,-2140.00,46.32,314029.00,18302.18,1.55,,,642446.00,29472.82,0.25,6.503854934
107,A5,51.75,3816.00,1098.97,3900.00,975.00,8.48,8.67,2.442155556,2.17,84.00,-123.97,314113.00,18178.21,0.98,,,646262.00,30571.79,0.25,3.472342284
108,A5,52,3267.00,734.55,3900.00,975.00,7.26,8.67,1.632333333,2.17,633.00,240.45,314746.00,18418.66,0.84,,,649529.00,31306.34,0.25,4.447620992
109,A6,52.25,3723.00,680.59,3656.25,1218.75,8.273333333,8.13,1.512422222,2.71,-66.75,538.16,314679.25,18956.82,1.02,,,653252.00,31986.93,0.33,5.47025375
110,A6,52.5,5343.00,1382.67,3656.25,1218.75,11.87333333,8.13,3.0726,2.71,-1686.75,-163.92,312992.50,18792.90,1.46,,,658595.00,33369.60,0.33,3.864262622
111,A6,52.75,3547.00,937.01,3656.25,1218.75,7.882222222,8.13,2.082244444,2.71,109.25,281.74,313101.75,19074.64,0.97,,,662142.00,34306.61,0.33,3.785445193
113,A6,53,1586.00,468.52,3656.25,1218.75,3.524444444,8.13,1.041155556,2.71,2070.25,750.23,315172.00,19824.87,0.43,,,663728.00,34775.13,0.33,3.385127636
114,A6,53.25,2841.00,113.55,3656.25,1218.75,6.313333333,8.13,0.252333333,2.71,815.25,1105.20,315987.25,20930.07,0.78,,,666569.00,34888.68,0.33,25.01981506
115,A6,53.5,10267.00,1769.14,3656.25,1218.75,22.81555556,8.13,3.931422222,2.71,-6610.75,-550.39,309376.50,20379.68,2.81,,,676836.00,36657.82,0.33,5.803384695
116,A6,53.75,6667.00,1507.99,3656.25,1218.75,14.81555556,8.13,3.351088889,2.71,-3010.75,-289.24,306365.75,20090.44,1.82,,,683503.00,38165.81,0.33,4.421116851
117,A6,54,2304.00,851.96,3656.25,1218.75,5.12,8.13,1.893244444,2.71,1352.25,366.79,307718.00,20457.23,0.63,,,685807.00,39017.77,0.33,2.704352317
118,A6,54.25,2630.00,505.80,3656.25,1218.75,5.844444444,8.13,1.124,2.71,1026.25,712.95,308744.25,21170.18,0.72,,,688437.00,39523.57,0.33,5.199683669
119,A6,54.5,5542.00,1836.64,3656.25,1218.75,12.31555556,8.13,4.081422222,2.71,-1885.75,-617.89,306858.50,20552.29,1.52,,,693979.00,41360.21,0.33,3.017466678
120,A6,54.75,2368.00,406.25,3656.25,1218.75,5.262222222,8.13,0.902777778,2.71,1288.25,812.50,308146.75,21364.79,0.65,,,696347.00,41766.46,0.33,5.828923077
121,A6,55,3903.00,643.84,3656.25,1218.75,8.673333333,8.13,1.430755556,2.71,-246.75,574.91,307900.00,21939.70,1.07,,,700250.00,42410.30,0.33,6.062065109
122,A6,55.25,8837.00,3150.30,3656.25,1218.75,19.63777778,8.13,7.000666667,2.71,-5180.75,-1931.55,302719.25,20008.15,2.42,,,709087.00,45560.60,0.33,2.80512967
123,A6,55.5,3350.00,1218.80,3656.25,1218.75,7.444444444,8.13,2.708444444,2.71,306.25,-0.05,303025.50,20008.10,0.92,,,712437.00,46779.40,0.33,2.748605185
124,A6,55.75,3850.00,1046.10,3656.25,1218.75,8.555555556,8.13,2.324666667,2.71,-193.75,172.65,302831.75,20180.75,1.05,,,716287.00,47825.50,0.33,3.680336488
125,A6,56,2264.00,792.11,3656.25,1218.75,5.031111111,8.13,1.760244444,2.71,1392.25,426.64,304224.00,20607.39,0.62,,,718551.00,48617.61,0.33,2.858188888
126,A7,56.25,2799.00,727.05,3412.50,1462.50,6.22,7.58,1.615666667,3.25,613.50,735.45,304837.50,21342.84,0.82,,,721350.00,49344.66,0.43,3.849804002
127,A7,56.5,4211.00,995.72,3412.50,1462.50,9.357777778,7.58,2.212711111,3.25,-798.50,466.78,304039.00,21809.62,1.23,,,725561.00,50340.38,0.43,4.22910055
128,A7,56.75,3367.00,1146.90,3412.50,1462.50,7.482222222,7.58,2.548666667,3.25,45.50,315.60,304084.50,22125.22,0.99,,,728928.00,51487.28,0.43,2.93573982
129,A7,57,4050.00,1087.50,3412.50,1462.50,9,7.58,2.416666667,3.25,-637.50,375.00,303447.00,22500.22,1.19,,,732978.00,52574.78,0.43,3.724137931
130,A7,57.25,3213.00,1347.70,3412.50,1462.50,7.14,7.58,2.994888889,3.25,199.50,114.80,303646.50,22615.02,0.94,,,736191.00,53922.48,0.43,2.384061735
131,A7,57.5,1846.00,845.68,3412.50,1462.50,4.102222222,7.58,1.879288889,3.25,1566.50,616.82,305213.00,23231.84,0.54,,,738037.00,54768.16,0.43,2.182858765
132,A7,57.75,1055.00,284.10,3412.50,1462.50,2.344444444,7.58,0.631333333,3.25,2357.50,1178.40,307570.50,24410.24,0.31,,,739092.00,55052.26,0.43,3.713481169
133,A7,58,2168.00,619.73,3412.50,1462.50,4.817777778,7.58,1.377177778,3.25,1244.50,842.77,308815.00,25253.01,0.64,,,741260.00,55671.99,0.43,3.498297646
134,A7,58.25,1735.00,409.33,3412.50,1462.50,3.855555556,7.58,0.909622222,3.25,1677.50,1053.17,310492.50,26306.18,0.51,,,742995.00,56081.32,0.43,4.238633865
135,A7,58.5,3375.00,908.95,3412.50,1462.50,7.5,7.58,2.019888889,3.25,37.50,553.55,310530.00,26859.73,0.99,,,746370.00,56990.27,0.43,3.713075527
136,A7,58.75,7170.00,2799.60,3412.50,1462.50,15.93333333,7.58,6.221333333,3.25,-3757.50,-1337.10,306772.50,25522.63,2.10,,,753540.00,59789.87,0.43,2.561080154
137,A7,59,2326.00,1496.50,3412.50,1462.50,5.168888889,7.58,3.325555556,3.25,1086.50,-34.00,307859.00,25488.63,0.68,,,755866.00,61286.37,0.43,1.554293351
138,A8,59.25,1539.00,570.83,3168.75,1706.25,3.42,7.04,1.268511111,3.79,1629.75,1135.42,309488.75,26624.05,0.49,,,757405.00,61857.20,0.54,2.696074138
139,A8,59.5,3490.00,1234.70,3168.75,1706.25,7.755555556,7.04,2.743777778,3.79,-321.25,471.55,309167.50,27095.60,1.10,,,760895.00,63091.90,0.54,2.826597554
140,A8,59.75,2685.00,1472.50,3168.75,1706.25,5.966666667,7.04,3.272222222,3.79,483.75,233.75,309651.25,27329.35,0.85,,,763580.00,64564.40,0.54,1.823429542
141,A8,60,3534.00,874.25,3168.75,1706.25,7.853333333,7.04,1.942777778,3.79,-365.25,832.00,309286.00,28161.35,1.12,,,767114.00,65438.65,0.54,4.04232199
142,A8,60.25,6632.00,2277.50,3168.75,1706.25,14.73777778,7.04,5.061111111,3.79,-3463.25,-571.25,305822.75,27590.10,2.09,,,773746.00,67716.15,0.54,2.911964874
143,A8,60.5,8912.00,3981.00,3168.75,1706.25,19.80444444,7.04,8.846666667,3.79,-5743.25,-2274.75,300079.50,25315.35,2.81,,,782658.00,71697.15,0.54,2.238633509
144,A8,60.75,3292.00,774.80,3168.75,1706.25,7.315555556,7.04,1.721777778,3.79,-123.25,931.45,299956.25,26246.80,1.04,,,785950.00,72471.95,0.54,4.24883841
145,A8,61,1607.00,834.58,3168.75,1706.25,3.571111111,7.04,1.854622222,3.79,1561.75,871.67,301518.00,27118.47,0.51,,,787557.00,73306.53,0.54,1.925519423
146,A9,61.25,6940.00,1074.07,2925.00,1950.00,15.42222222,6.50,2.386822222,4.33,-4015.00,875.93,297503.00,27994.40,2.37,,,794497.00,74380.60,0.67,6.461403819
147,A9,61.5,4851.00,1923.93,2925.00,1950.00,10.78,6.50,4.2754,4.33,-1926.00,26.07,295577.00,28020.47,1.66,,,799348.00,76304.53,0.67,2.521401506
148,A9,61.75,7093.00,3463.71,2925.00,1950.00,15.76222222,6.50,7.697133333,4.33,-4168.00,-1513.71,291409.00,26506.76,2.42,,,806441.00,79768.24,0.67,2.047804233
149,A9,62,3860.00,2053.53,2925.00,1950.00,8.577777778,6.50,4.5634,4.33,-935.00,-103.53,290474.00,26403.23,1.32,,,810301.00,81821.77,0.67,1.879690095
150,A9,62.25,4137.00,2097.10,2925.00,1950.00,9.193333333,6.50,4.660222222,4.33,-1212.00,-147.10,289262.00,26256.13,1.41,,,814438.00,83918.87,0.67,1.972724238
151,A9,62.5,2162.00,969.64,2925.00,1950.00,4.804444444,6.50,2.154755556,4.33,763.00,980.36,290025.00,27236.49,0.74,,,816600.00,84888.51,0.67,2.229693494
152,A9,62.75,5265.00,2457.49,2925.00,1950.00,11.7,6.50,5.461088889,4.33,-2340.00,-507.49,287685.00,26729.00,1.80,,,821865.00,87346.00,0.67,2.142429878
153,A9,63,3212.00,1799.02,2925.00,1950.00,7.137777778,6.50,3.997822222,4.33,-287.00,150.98,287398.00,26879.98,1.10,,,825077.00,89145.02,0.67,1.785416505
154,A10,63.25,5214.00,3022.97,2681.25,2193.75,11.58666667,5.96,6.717711111,4.88,-2532.75,-829.22,284865.25,26050.76,1.94,,,830291.00,92167.99,0.82,1.724793829
155,A10,63.5,1887.00,1064.50,2681.25,2193.75,4.193333333,5.96,2.365555556,4.88,794.25,1129.25,285659.50,27180.01,0.70,,,832178.00,93232.49,0.82,1.772663222
156,A10,63.75,3528.00,1566.87,2681.25,2193.75,7.84,5.96,3.481933333,4.88,-846.75,626.88,284812.75,27806.89,1.32,,,835706.00,94799.36,0.82,2.251622662
157,A10,64,6655.00,4350.80,2681.25,2193.75,14.78888889,5.96,9.668444444,4.88,-3973.75,-2157.05,280839.00,25649.84,2.48,,,842361.00,99150.16,0.82,1.529603751
158,A10,64.25,2796.00,1807.49,2681.25,2193.75,6.213333333,5.96,4.016644444,4.88,-114.75,386.26,280724.25,26036.10,1.04,,,845157.00,100957.65,0.82,1.546896525
159,A10,64.5,2581.00,1797.87,2681.25,2193.75,5.735555556,5.96,3.995266667,4.88,100.25,395.88,280824.50,26431.98,0.96,,,847738.00,102755.52,0.82,1.435587668
160,A10,64.75,2559.00,1453.10,2681.25,2193.75,5.686666667,5.96,3.229111111,4.88,122.25,740.65,280946.75,27172.63,0.95,,,850297.00,104208.62,0.82,1.761062556
161,A10,65,4399.00,3489.30,2681.25,2193.75,9.775555556,5.96,7.754,4.88,-1717.75,-1295.55,279229.00,25877.08,1.64,,,854696.00,107697.92,0.82,1.260711317
162,A11,65.25,1635.00,1143.40,2437.50,2437.50,3.633333333,5.42,2.540888889,5.42,802.50,1294.10,280031.50,27171.18,0.67,,,856331.00,108841.32,1.00,1.429945776
163,A11,65.5,3042.00,1958.58,2437.50,2437.50,6.76,5.42,4.3524,5.42,-604.50,478.92,279427.00,27650.10,1.25,,,859373.00,110799.90,1.00,1.553166069
164,A11,65.75,3575.00,2479.80,2437.50,2437.50,7.944444444,5.42,5.510666667,5.42,-1137.50,-42.30,278289.50,27607.80,1.47,,,862948.00,113279.70,1.00,1.44164852
165,A11,66,4541.00,2773.90,2437.50,2437.50,10.09111111,5.42,6.164222222,5.42,-2103.50,-336.40,276186.00,27271.40,1.86,,,867489.00,116053.60,1.00,1.637045315
166,A11,66.25,2998.00,2996.80,2437.50,2437.50,6.662222222,5.42,6.659555556,5.42,-560.50,-559.30,275625.50,26712.10,1.23,,,870487.00,119050.40,1.00,1.000400427
167,A11,66.5,1925.00,1412.02,2437.50,2437.50,4.277777778,5.42,3.137822222,5.42,512.50,1025.48,276138.00,27737.58,0.79,,,872412.00,120462.42,1.00,1.363295137
168,A11,66.75,3158.00,2163.00,2437.50,2437.50,7.017777778,5.42,4.806666667,5.42,-720.50,274.50,275417.50,28012.08,1.30,,,875570.00,122625.42,1.00,1.460009246
169,A11,67,3764.00,2977.40,2437.50,2437.50,8.364444444,5.42,6.616444444,5.42,-1326.50,-539.90,274091.00,27472.18,1.54,,,879334.00,125602.82,1.00,1.264190233
170,A12,67.25,1431.00,1379.00,2193.75,2681.25,3.18,4.88,3.064444444,5.96,762.75,1302.25,274853.75,28774.43,0.65,,,880765.00,126981.82,1.22,1.037708484
171,A12,67.5,3022.00,2755.50,2193.75,2681.25,6.715555556,4.88,6.123333333,5.96,-828.25,-74.25,274025.50,28700.18,1.38,,,883787.00,129737.32,1.22,1.09671566
172,A12,67.75,2758.00,2652.50,2193.75,2681.25,6.128888889,4.88,5.894444444,5.96,-564.25,28.75,273461.25,28728.93,1.26,,,886545.00,132389.82,1.22,1.039773798
173,A12,68,5221.00,3609.10,2193.75,2681.25,11.60222222,4.88,8.020222222,5.96,-3027.25,-927.85,270434.00,27801.08,2.38,,,891766.00,135998.92,1.22,1.446621041
174,A12,68.25,6330.00,4078.40,2193.75,2681.25,14.06666667,4.88,9.063111111,5.96,-4136.25,-1397.15,266297.75,26403.93,2.89,,,898096.00,140077.32,1.22,1.552079247
175,A12,68.5,557.00,496.22,2193.75,2681.25,1.237777778,4.88,1.102711111,5.96,1636.75,2185.03,267934.50,28588.96,0.25,,,898653.00,140573.54,1.22,1.122485994
176,A12,68.75,3149.00,2337.10,2193.75,2681.25,6.997777778,4.88,5.193555556,5.96,-955.25,344.15,266979.25,28933.11,1.44,,,901802.00,142910.64,1.22,1.347396346
177,A12,69,2530.00,2611.60,2193.75,2681.25,5.622222222,4.88,5.803555556,5.96,-336.25,69.65,266643.00,29002.76,1.15,,,904332.00,145522.24,1.22,0.968754786
178,A13,69.25,964.00,1725.40,1950.00,2925.00,2.142222222,4.33,3.834222222,6.50,986.00,1199.60,267629.00,30202.36,0.49,,,905296.00,147247.64,1.50,0.558711024
179,A13,69.5,1820.00,1943.50,1950.00,2925.00,4.044444444,4.33,4.318888889,6.50,130.00,981.50,267759.00,31183.86,0.93,,,907116.00,149191.14,1.50,0.936454849
180,A13,69.75,2212.00,2626.10,1950.00,2925.00,4.915555556,4.33,5.835777778,6.50,-262.00,298.90,267497.00,31482.76,1.13,,,909328.00,151817.24,1.50,0.842313697
181,A13,70,2036.00,2700.80,1950.00,2925.00,4.524444444,4.33,6.001777778,6.50,-86.00,224.20,267411.00,31706.96,1.04,,,911364.00,154518.04,1.50,0.753850711
182,A13,70.25,1558.00,2421.20,1950.00,2925.00,3.462222222,4.33,5.380444444,6.50,392.00,503.80,267803.00,32210.76,0.80,,,912922.00,156939.24,1.50,0.643482571
183,A13,70.5,1229.00,1517.40,1950.00,2925.00,2.731111111,4.33,3.372,6.50,721.00,1407.60,268524.00,33618.36,0.63,,,914151.00,158456.64,1.50,0.809938052
184,A13,70.75,2664.00,3502.21,1950.00,2925.00,5.92,4.33,7.782688889,6.50,-714.00,-577.21,267810.00,33041.15,1.37,,,916815.00,161958.85,1.50,0.760662553
185,A13,71,1347.00,2355.60,1950.00,2925.00,2.993333333,4.33,5.234666667,6.50,603.00,569.40,268413.00,33610.55,0.69,,,918162.00,164314.45,1.50,0.571828833
186,A13,71.25,2229.00,2890.00,1950.00,2925.00,4.953333333,4.33,6.422222222,6.50,-279.00,35.00,268134.00,33645.55,1.14,,,920391.00,167204.45,1.50,0.771280277
187,A13,71.5,1809.00,2438.00,1950.00,2925.00,4.02,4.33,5.417777778,6.50,141.00,487.00,268275.00,34132.55,0.93,,,922200.00,169642.45,1.50,0.742001641
188,A13,71.75,2597.00,3505.00,1950.00,2925.00,5.771111111,4.33,7.788888889,6.50,-647.00,-580.00,267628.00,33552.55,1.33,,,924797.00,173147.45,1.50,0.740941512
189,A13,72,1717.00,2262.00,1950.00,2925.00,3.815555556,4.33,5.026666667,6.50,233.00,663.00,267861.00,34215.55,0.88,,,926514.00,175409.45,1.50,0.759062776
190,A14,72.25,2258.00,3109.70,1706.25,3168.75,5.017777778,3.79,6.910444444,7.04,-551.75,59.05,267309.25,34274.60,1.32,,,928772.00,178519.15,1.86,0.726115059
191,A14,72.5,567.00,1950.00,1706.25,3168.75,1.26,3.79,4.333333333,7.04,1139.25,1218.75,268448.50,35493.35,0.33,,,929339.00,180469.15,1.86,0.290769231
192,A14,72.75,2206.00,2906.40,1706.25,3168.75,4.902222222,3.79,6.458666667,7.04,-499.75,262.35,267948.75,35755.70,1.29,,,931545.00,183375.55,1.86,0.759014588
193,A14,73,3217.00,4241.00,1706.25,3168.75,7.148888889,3.79,9.424444444,7.04,-1510.75,-1072.25,266438.00,34683.45,1.89,,,934762.00,187616.55,1.86,0.758547512
194,A14,73.25,3087.00,3752.90,1706.25,3168.75,6.86,3.79,8.339777778,7.04,-1380.75,-584.15,265057.25,34099.30,1.81,,,937849.00,191369.45,1.86,0.822563884
195,A14,73.5,3183.00,4218.80,1706.25,3168.75,7.073333333,3.79,9.375111111,7.04,-1476.75,-1050.05,263580.50,33049.25,1.87,,,941032.00,195588.25,1.86,0.754479947
196,A14,73.75,1729.00,2912.10,1706.25,3168.75,3.842222222,3.79,6.471333333,7.04,-22.75,256.65,263557.75,33305.90,1.01,,,942761.00,198500.35,1.86,0.593729611
197,A14,74,1575.00,2821.60,1706.25,3168.75,3.5,3.79,6.270222222,7.04,131.25,347.15,263689.00,33653.05,0.92,,,944336.00,201321.95,1.86,0.558193933
198,A15,74.25,1390.00,2317.50,1462.50,3412.50,3.088888889,3.25,5.15,7.58,72.50,1095.00,263761.50,34748.05,0.95,,,945726.00,203639.45,2.33,0.59978425
199,A15,74.5,2899.00,3762.40,1462.50,3412.50,6.442222222,3.25,8.360888889,7.58,-1436.50,-349.90,262325.00,34398.15,1.98,,,948625.00,207401.85,2.33,0.770518818
200,A15,74.75,2724.00,3587.90,1462.50,3412.50,6.053333333,3.25,7.973111111,7.58,-1261.50,-175.40,261063.50,34222.75,1.86,,,951349.00,210989.75,2.33,0.759218484
201,A15,75,3940.00,5115.80,1462.50,3412.50,8.755555556,3.25,11.36844444,7.58,-2477.50,-1703.30,258586.00,32519.45,2.69,,,955289.00,216105.55,2.33,0.770163024
202,A15,75.25,1424.00,3207.70,1462.50,3412.50,3.164444444,3.25,7.128222222,7.58,38.50,204.80,258624.50,32724.25,0.97,,,956713.00,219313.25,2.33,0.443931789
203,A15,75.5,1471.00,2797.90,1462.50,3412.50,3.268888889,3.25,6.217555556,7.58,-8.50,614.60,258616.00,33338.85,1.01,,,958184.00,222111.15,2.33,0.525751456
204,A15,75.75,2529.00,3841.70,1462.50,3412.50,5.62,3.25,8.537111111,7.58,-1066.50,-429.20,257549.50,32909.65,1.73,,,960713.00,225952.85,2.33,0.658302314
205,A15,76,1732.00,3662.70,1462.50,3412.50,3.848888889,3.25,8.139333333,7.58,-269.50,-250.20,257280.00,32659.45,1.18,,,962445.00,229615.55,2.33,0.472875201
206,A16,76.25,1828.00,3235.20,1218.75,3656.25,4.062222222,2.71,7.189333333,8.13,-609.25,421.05,256670.75,33080.50,1.50,,,964273.00,232850.75,3.00,0.565034619
207,A16,76.5,1707.00,3689.00,1218.75,3656.25,3.793333333,2.71,8.197777778,8.13,-488.25,-32.75,256182.50,33047.75,1.40,,,965980.00,236539.75,3.00,0.462727026
208,A16,76.75,1674.00,3268.30,1218.75,3656.25,3.72,2.71,7.262888889,8.13,-455.25,387.95,255727.25,33435.70,1.37,,,967654.00,239808.05,3.00,0.512192883
209,A16,77,2473.00,4639.80,1218.75,3656.25,5.495555556,2.71,10.31066667,8.13,-1254.25,-983.55,254473.00,32452.15,2.03,,,970127.00,244447.85,3.00,0.532997112
210,A16,77.25,1298.00,3082.50,1218.75,3656.25,2.884444444,2.71,6.85,8.13,-79.25,573.75,254393.75,33025.90,1.07,,,971425.00,247530.35,3.00,0.42108678
211,A16,77.5,1940.00,3932.70,1218.75,3656.25,4.311111111,2.71,8.739333333,8.13,-721.25,-276.45,253672.50,32749.45,1.59,,,973365.00,251463.05,3.00,0.493299769
212,A16,77.75,1903.00,3869.40,1218.75,3656.25,4.228888889,2.71,8.598666667,8.13,-684.25,-213.15,252988.25,32536.30,1.56,,,975268.00,255332.45,3.00,0.491807515
213,A16,78,1561.00,3940.50,1218.75,3656.25,3.468888889,2.71,8.756666667,8.13,-342.25,-284.25,252646.00,32252.05,1.28,,,976829.00,259272.95,3.00,0.396142621
214,A17,78.25,993.00,2647.90,975.00,3900.00,2.206666667,2.17,5.884222222,8.67,-18.00,1252.10,252628.00,33504.15,1.02,,,977822.00,261920.85,4.00,0.375014162
215,A17,78.5,2142.00,4096.10,975.00,3900.00,4.76,2.17,9.102444444,8.67,-1167.00,-196.10,251461.00,33308.05,2.20,,,979964.00,266016.95,4.00,0.522936452
216,A17,78.75,2605.00,4981.00,975.00,3900.00,5.788888889,2.17,11.06888889,8.67,-1630.00,-1081.00,249831.00,32227.05,2.67,,,982569.00,270997.95,4.00,0.522987352
217,A17,79,1644.00,4335.30,975.00,3900.00,3.653333333,2.17,9.634,8.67,-669.00,-435.30,249162.00,31791.75,1.69,,,984213.00,275333.25,4.00,0.379212511
218,A17,79.25,1205.00,2984.20,975.00,3900.00,2.677777778,2.17,6.631555556,8.67,-230.00,915.80,248932.00,32707.55,1.24,,,985418.00,278317.45,4.00,0.403793311
219,A17,79.5,2287.00,4650.60,975.00,3900.00,5.082222222,2.17,10.33466667,8.67,-1312.00,-750.60,247620.00,31956.95,2.35,,,987705.00,282968.05,4.00,0.491764504
220,A17,79.75,1868.00,4047.80,975.00,3900.00,4.151111111,2.17,8.995111111,8.67,-893.00,-147.80,246727.00,31809.15,1.92,,,989573.00,287015.85,4.00,0.461485251
221,A17,80,1474.00,3670.80,975.00,3900.00,3.275555556,2.17,8.157333333,8.67,-499.00,229.20,246228.00,32038.35,1.51,,,991047.00,290686.65,4.00,0.401547347
222,A18,80.25,1385.00,3347.50,731.25,4143.75,3.077777778,1.63,7.438888889,9.21,-653.75,796.25,245574.25,32834.60,1.89,,,992432.00,294034.15,5.67,0.413741598
223,A18,80.5,2221.00,4546.80,731.25,4143.75,4.935555556,1.63,10.104,9.21,-1489.75,-403.05,244084.50,32431.55,3.04,,,994653.00,298580.95,5.67,0.488475411
224,A18,80.75,2459.00,5198.90,731.25,4143.75,5.464444444,1.63,11.55311111,9.21,-1727.75,-1055.15,242356.75,31376.40,3.36,,,997112.00,303779.85,5.67,0.47298467
225,A18,81,1468.00,4073.10,731.25,4143.75,3.262222222,1.63,9.051333333,9.21,-736.75,70.65,241620.00,31447.05,2.01,,,998580.00,307852.95,5.67,0.360413444
226,A18,81.25,920.00,2879.80,731.25,4143.75,2.044444444,1.63,6.399555556,9.21,-188.75,1263.95,241431.25,32711.00,1.26,,,999500.00,310732.75,5.67,0.31946663
227,A18,81.5,1735.00,3947.40,731.25,4143.75,3.855555556,1.63,8.772,9.21,-1003.75,196.35,240427.50,32907.35,2.37,,,1001235.00,314680.15,5.67,0.439529817
228,A18,81.75,2619.00,5652.80,731.25,4143.75,5.82,1.63,12.56177778,9.21,-1887.75,-1509.05,238539.75,31398.30,3.58,,,1003854.00,320332.95,5.67,0.463310218
229,A18,82,1364.00,4071.70,731.25,4143.75,3.031111111,1.63,9.048222222,9.21,-632.75,72.05,237907.00,31470.35,1.87,,,1005218.00,324404.65,5.67,0.334995211
230,A19,82.25,1208.00,3440.10,487.50,4387.50,2.684444444,1.08,7.644666667,9.75,-720.50,947.40,237186.50,32417.75,2.48,,,1006426.00,327844.75,9.00,0.351152583
231,A19,82.5,1775.00,4432.30,487.50,4387.50,3.944444444,1.08,9.849555556,9.75,-1287.50,-44.80,235899.00,32372.95,3.64,,,1008201.00,332277.05,9.00,0.400469282
232,A19,82.75,1521.00,4628.60,487.50,4387.50,3.38,1.08,10.28577778,9.75,-1033.50,-241.10,234865.50,32131.85,3.12,,,1009722.00,336905.65,9.00,0.328609083
233,A19,83,1432.00,4504.20,487.50,4387.50,3.182222222,1.08,10.00933333,9.75,-944.50,-116.70,233921.00,32015.15,2.94,,,1011154.00,341409.85,9.00,0.317925492
234,A19,83.25,1037.00,3722.60,487.50,4387.50,2.304444444,1.08,8.272444444,9.75,-549.50,664.90,233371.50,32680.05,2.13,,,1012191.00,345132.45,9.00,0.278568742
235,A19,83.5,1651.00,4504.90,487.50,4387.50,3.668888889,1.08,10.01088889,9.75,-1163.50,-117.40,232208.00,32562.65,3.39,,,1013842.00,349637.35,9.00,0.366489822
236,A19,83.75,1807.00,5243.00,487.50,4387.50,4.015555556,1.08,11.65111111,9.75,-1319.50,-855.50,230888.50,31707.15,3.71,,,1015649.00,354880.35,9.00,0.34465001
237,A19,84,1108.00,3834.80,487.50,4387.50,2.462222222,1.08,8.521777778,9.75,-620.50,552.70,230268.00,32259.85,2.27,,,1016757.00,358715.15,9.00,0.28893293
238,A20,84.25,1566.00,4863.80,243.75,4631.25,3.48,0.54,10.80844444,10.29,-1322.25,-232.55,228945.75,32027.30,6.42,,,1018323.00,363578.95,19.00,0.321970476
239,A20,84.5,1470.00,5355.10,243.75,4631.25,3.266666667,0.54,11.90022222,10.29,-1226.25,-723.85,227719.50,31303.45,6.03,,,1019793.00,368934.05,19.00,0.274504678
240,A20,84.75,1309.00,4910.20,243.75,4631.25,2.908888889,0.54,10.91155556,10.29,-1065.25,-278.95,226654.25,31024.50,5.37,,,1021102.00,373844.25,19.00,0.266587919
241,A20,85,888.00,4014.60,243.75,4631.25,1.973333333,0.54,8.921333333,10.29,-644.25,616.65,226010.00,31641.15,3.64,,,1021990.00,377858.85,19.00,0.221192647
242,A20,85.25,665.14,3304.40,243.75,4631.25,1.478088889,0.54,7.343111111,10.29,-421.39,1326.85,225588.61,32968.00,2.73,,,1022655.14,381163.25,19.00,0.20128919
243,A20,85.5,1020.00,4153.40,243.75,4631.25,2.266666667,0.54,9.229777778,10.29,-776.25,477.85,224812.36,33445.85,4.18,,,1023675.14,385316.65,19.00,0.245581933
244,A20,85.75,1226.00,5041.90,243.75,4631.25,2.724444444,0.54,11.20422222,10.29,-982.25,-410.65,223830.11,33035.20,5.03,,,1024901.14,390358.55,19.00,0.2431623
245,A20,86,1292.00,4963.60,243.75,4631.25,2.871111111,0.54,11.03022222,10.29,-1048.25,-332.35,222781.86,32702.85,5.30,,,1026193.14,395322.15,19.00,0.260294947
246,A21,86.25,1217.00,4352.90,0.00,4875.00,2.704444444,0.00,9.673111111,10.83,-1217.00,522.10,221564.86,33224.95,,,,1027410.14,399675.05,,0.279583726
247,A21,86.5,1323.00,5569.40,0.00,4875.00,2.94,0.00,12.37644444,10.83,-1323.00,-694.40,220241.86,32530.55,,,,1028733.14,405244.45,,0.23754803
248,A21,86.75,1302.00,5661.90,0.00,4875.00,2.893333333,0.00,12.582,10.83,-1302.00,-786.90,218939.86,31743.65,,,,1030035.14,410906.35,,0.229958141
249,A21,87,958.00,5283.50,0.00,4875.00,2.128888889,0.00,11.74111111,10.83,-958.00,-408.50,217981.86,31335.15,,,,1030993.14,416189.85,,0.181319201
250,A21,87.25,735.00,3631.90,0.00,4875.00,1.633333333,0.00,8.070888889,10.83,-735.00,1243.10,217246.86,32578.25,,,,1031728.14,419821.75,,0.202373413
251,A21,87.5,1234.00,5780.10,0.00,4875.00,2.742222222,0.00,12.84466667,10.83,-1234.00,-905.10,216012.86,31673.15,,,,1032962.14,425601.85,,0.213491116
252,A21,87.75,1063.00,5453.20,0.00,4875.00,2.362222222,0.00,12.11822222,10.83,-1063.00,-578.20,214949.86,31094.95,,,,1034025.14,431055.05,,0.194931416
253,A21,88,804.00,4880.30,0.00,4875.00,1.786666667,0.00,10.84511111,10.83,-804.00,-5.30,214145.86,31089.65,,,,1034829.14,435935.35,,0.164743971
,,,,,,,,,,,,,,,,,,,,,